{"cameraMode":{"drawMode":0,"name":"Shaded","section":"Shading Mode"},"sceneLighting":true,"audioPlay":false,"sceneViewState":{"showFog":true,"showMaterialUpdate":false,"showSkybox":true,"showFlares":true,"showImageEffects":true,"showParticleSystems":true},"in2DMode":false,"pivot":{"x":29.592466354370118,"y":-69.75286865234375,"z":127.01145935058594},"rotation":{"x":-0.22595764696598054,"y":-0.08520063757896424,"z":0.019822098314762117,"w":-0.9702340364456177},"size":93.28933715820313,"orthographic":false}